{"C": 5, "D": 15, "T": 4, "A": 7, "r_winter_columns": [30.0, 23.50480947161671, 23.50480947161671, 30.0, 24.696699141100893, 18.201508612717603, 18.201508612717603, 24.696699141100893, 22.5, 16.00480947161671, 16.00480947161671, 22.5, 24.696699141100893, 18.201508612717603, 18.201508612717603, 24.696699141100893, 30.0, 23.50480947161671, 23.50480947161671, 30.0], "r_summer_columns": [30.0, 23.50480947161671, 23.50480947161671, 30.0, 24.696699141100893, 18.201508612717603, 18.201508612717603, 24.696699141100893, 22.5, 16.00480947161671, 16.00480947161671, 22.5, 24.696699141100893, 18.201508612717603, 18.201508612717603, 24.696699141100893, 30.0, 23.50480947161671, 23.50480947161671, 30.0], "c_winter_columns": [30.0, 36.49519052838329, 36.49519052838329, 30.0, 35.30330085889911, 41.7984913872824, 41.7984913872824, 35.30330085889911, 37.5, 43.99519052838329, 43.99519052838329, 37.5, 35.30330085889911, 41.7984913872824, 41.7984913872824, 35.30330085889911, 30.0, 36.49519052838329, 36.49519052838329, 30.0], "c_summer_columns": [30.0, 23.50480947161671, 23.50480947161671, 30.0, 24.696699141100893, 18.201508612717603, 18.201508612717603, 24.696699141100893, 22.5, 16.00480947161671, 16.00480947161671, 22.5, 24.696699141100893, 18.201508612717603, 18.201508612717603, 24.696699141100893, 30.0, 23.50480947161671, 23.50480947161671, 30.0]}